9731;Aliens Of The Vacuum;08/04/2019;91;true
8198;Creatures And Figures;02/12/2014;99;true
8199;Culling Of Time;24/02/2014;115;false
9736;Perfume Of The Stars;17/06/2016;94;true
8202;Doctors Of Sunshine;10/04/2019;103;true
8715;Basic Androids;26/08/2020;101;false
8205;Figures Of An Asteroid;06/03/2019;88;false
9742;Officers And Foreigners;11/07/2022;115;false
8721;Created By A New War;25/11/2014;91;false
9745;Demise Of Robots;27/05/2016;118;true
9747;Visions Of Nature;05/12/2021;102;false
8214;Revival Of The New World;18/05/2015;106;true
9238;Cautious Of The Mountains;05/05/2022;103;true
9752;Defenders Of Our Future;17/12/2016;112;false
8729;Medics Of Earth;02/03/2022;110;true
8731;Caring For The Sun;13/05/2015;85;false
9761;Human Of New Earth;18/11/2017;83;false
9251;Dream Of Darkness;03/03/2014;82;false
8227;Doctor Of The Outlands;27/06/2021;84;false
9252;Medics And Friends;14/05/2020;89;false
9256;Turtle Of The Swamp;23/01/2015;109;true
9262;Disguised In The Depths;24/05/2018;103;false
9775;Of The Ocean;15/02/2021;93;true
9263;Statues Of The Future;20/10/2016;102;true
8752;Life With The Titans;04/08/2021;86;false
8754;Illusions Of Tomorrow;05/09/2021;105;true
8246;Rats And Heirs;19/05/2016;100;true
9273;Beast Of The Ocean;26/05/2022;112;false
8257;Men Of The East;20/06/2014;91;true
9793;Ashamed Of The End;15/12/2021;118;false
8770;Children Of The New World;08/05/2018;82;true
8258;Criminals Of Shadows;27/05/2015;91;true
9795;Agents And Droids;30/01/2023;110;false
9802;Death Of The Ocean;06/01/2017;108;false
9808;Celebrating Moondust;11/03/2018;105;false
9297;Beasts Of The Orbit;22/01/2020;106;false
8274;Clones Of The Galaxy;23/03/2017;92;false
9302;Destruction Of A Creature;16/11/2016;118;false
9307;Witches And Criminals;04/07/2016;85;true
8798;Visitor Of Space;20/01/2016;86;true
9311;Women And Devils;18/03/2015;98;true
8802;Strangers And Traitors;23/01/2023;82;false
9316;Warriors And Emperors;18/02/2018;90;true
9322;Snakes Of The North;03/07/2022;114;true
9323;Medic Of New Earth;02/02/2016;101;false
9324;Age In Eternity;24/12/2015;108;false
9844;Crazy Of A Rise Of Machines;19/01/2023;108;false
8825;Confused By The End;28/08/2016;98;true
9850;Stars Of The Universe;23/12/2017;101;true
9342;Birth Of Stardust;06/01/2023;85;false
8319;Phantoms In My Village;29/07/2020;104;true
9858;Horse Of Tomorrow;06/11/2019;99;false
9346;Athletics Of Time;24/11/2020;94;true
8325;Help Of The North;27/10/2016;112;false
9862;Lords Of The Nether;27/10/2013;108;false
8327;Destiny Of Earth's Legacy;02/07/2020;91;false
8328;Leaders Of Aliens;24/11/2022;90;true
8329;Death Of The Dark;02/12/2014;82;true
8331;Officer Of Stardust;02/02/2023;92;false
9869;Fungi Of Technology;29/08/2020;84;false
9361;Heroes And Captains;21/04/2022;83;true
8849;Doctors And Visitors;23/05/2014;99;true
9877;Hope;11/04/2017;93;true
9365;Directors And Leaders;19/03/2019;94;true
8347;Defender Of The Void;08/06/2020;112;false
8861;Monuments Of The Vacuum;29/06/2019;85;true
9378;Dog Of The Void;28/07/2014;96;false
8359;Deception Of Time;28/05/2018;101;true
8876;Nation Of The New World;18/01/2015;92;false
9905;Boys In The News;06/03/2018;110;false
9394;Defenders From Outer Space;10/04/2017;120;true
8370;Cyborgs Of The Void;12/06/2019;98;true
8371;Rats And Pests;14/09/2019;116;true
9396;Fools Of The East;12/10/2018;101;false
9910;Drinks Without Limits;31/08/2015;107;true
8377;Insects Of The Planet;09/07/2014;118;true
9915;Men Of Honor;28/08/2015;110;false
9404;Corruption Of The Planet;21/03/2015;112;true
9919;Married To A Nuclear War;25/12/2020;113;false
9409;Assassin Of Honor;30/12/2016;98;false
9413;Changed By The Secrets;01/10/2017;107;true
8902;Mercenary Of The Sands;18/09/2015;109;false
8393;Serenity Of The Eyes;01/04/2017;101;false
8395;Cautious Of Technolic Advancements;18/05/2013;85;false
8909;Security Of Electricity;28/09/2015;108;true
8910;Visitors Of Exploration;04/09/2019;95;false
8399;Blacksmiths And Hunters;29/03/2014;111;false
9936;Creatures And Athletes;05/07/2017;119;true
9426;Open To New Earth;28/07/2021;98;false
9431;Figure Of Animals;05/06/2018;97;false
9943;Cyborgs Of Stardust;12/12/2015;96;true
9944;Invaders And Spies;08/07/2013;109;true
9945;Deception Of Darkness;14/02/2014;97;true
9947;Children And Gods;20/08/2020;82;false
8413;Wealth Of The Rivers;29/01/2018;88;false
9950;Criminals And Criminals;09/05/2015;82;true
8932;Music Of The Lakes;24/07/2022;117;true
9964;Captain Of The Orbit;17/12/2020;109;false
8941;Disguised By A Rise Of Machines;10/09/2015;95;true
9970;Soldiers Of Our Future;17/12/2020;111;false
8449;Lost Science;09/07/2014;83;false
9989;Farms Of Our Realm;17/12/2020;101;false
9488;Creature Of Our Destiny;06/10/2015;87;false
8978;Blinded By;26/12/2018;114;true
8468;Hunter Of Eternity;24/02/2014;119;false
9492;Mice And Stars;02/04/2020;85;false
8470;Digital Your Garden;25/03/2014;96;true
9495;Hunters With Tentacles;08/06/2020;108;false
8984;Elements Of The Mountains;08/04/2017;107;true
8472;Stranger In The Beginning Of Time;04/12/2021;111;true
9497;Warriors Per Realm;25/07/2021;120;false
9499;Snakes And Dogs;18/11/2017;107;false
9500;Birth Of New Worlds;30/03/2018;101;false
8990;Fog In The Lake;17/03/2018;114;false
8484;Volunteers And Strangers;07/11/2020;96;true
9509;Comforted By My Life;20/01/2019;92;false
9510;Strangers And Intruders;28/07/2015;120;true
9511;Cultured By The New World;20/10/2022;115;true
8487;Jaded By My Destiny;05/02/2019;94;true
8488;Agents And Soldiers;10/09/2016;85;true
8490;Root Of The Sands;08/08/2017;109;false
9514;Nightmares Of The Nether;15/10/2021;95;false
8491;Predators Of Heaven;31/10/2022;119;true
9004;Afraid Of Time Travel;26/12/2013;112;true
8493;Alive On The Titans;07/09/2017;112;false
9007;Ancestors Without Restrictions;04/01/2018;120;false
9019;Symbols Of Stardust;15/06/2017;113;false
8507;Boys And Blacksmiths;05/08/2020;107;false
9020;Doctors And Creators;05/01/2022;90;true
8509;Creators And Thieves;01/11/2015;90;false
9533;Anxious For The Galaxy;17/02/2018;105;true
9023;Figures Of Moondust;14/12/2014;82;false
9536;Chase;11/08/2017;117;false
8514;Robot With Tentacles;11/12/2020;115;false
9543;Demise Of War;27/03/2023;89;true
8008;Mice Of Your Dreams;31/07/2016;85;false
9033;Hunters Of Our Future;22/03/2016;94;false
8014;Obliteration Of The Galaxy;20/10/2022;104;true
9550;Spiders Of Tomorrow;12/05/2013;90;true
9039;Obliteration Of Honor;16/11/2017;107;true
9040;Boys Of Mars;24/11/2017;87;true
8019;Politicians Per Country;13/12/2020;93;true
9557;Hunters And Veterans;27/02/2014;98;false
8024;Foes In My Yard;20/08/2021;99;false
9562;Enemy In The Center Of The Earth;14/03/2014;116;true
8540;Bored By Women;12/04/2022;92;true
9573;Complexity Of A Nuclear Winter;07/07/2022;97;true
9575;Amazing Fantasy;04/01/2014;86;true
9581;Hunters And Strangers;13/01/2021;109;true
8046;Agents And Figures;10/08/2014;101;true
8561;Men And Medics;08/09/2017;93;true
9076;Rebels And;29/11/2021;106;true
9078;Creatures Of The Future;21/09/2016;83;true
8055;Hunters Of Men's Legacy;23/10/2020;102;false
9079;Intruder Of Darkness;10/01/2023;102;false
9593;Ancients Of The West;12/01/2017;113;false
9082;Agents Of The New World;22/04/2016;120;false
9597;Beasts In The Center Of The Earth;30/07/2013;86;false
9091;Hunters And Commanders;25/02/2018;116;true
8580;Rebels And Officers;09/04/2020;112;true
8583;Emperors In The Past;05/08/2020;99;false
9102;Creation Of Society;17/12/2013;119;true
9617;Serenity Of Electricity;05/06/2020;102;false
8596;Lonely In My Journey;07/11/2022;89;true
9626;Fools And Mice;29/10/2020;108;true
9114;Buildings Without Restrictions;13/10/2018;117;true
9627;Snakes Of A Dog;21/08/2015;109;false
9632;Boy With Spaceships;23/05/2015;99;false
8098;Man On Mars;14/05/2016;107;false
8615;Figure Of The Flight;21/12/2014;94;true
8106;Aliens Of The Flight;05/06/2013;107;true
8107;Travelling Of The South;16/06/2017;84;true
8109;Bandits And Men;07/03/2022;91;true
8623;Insects Without Borders;11/10/2019;112;true
9136;Men And Soldiers;08/04/2022;115;true
9652;Androids And Enemies;04/09/2015;111;true
8629;Hawk Of A Creature;31/01/2021;109;false
8630;Intelligence In The Sun;14/05/2016;85;false
8632;Fools And Grasses;03/03/2023;114;false
9145;Spiders Per Country;11/07/2013;96;true
9146;Confusing The Rivers;09/05/2016;87;true
9150;Cyborg Of Space;18/03/2015;84;true
8131;Monuments Of New Worlds;07/04/2021;105;true
8645;Leader Of The Void;13/07/2017;84;false
9672;Medics And Children;18/02/2018;102;true
8648;Riddle Of An Insect;08/11/2022;120;false
9675;Death Of The Universe;16/03/2014;114;true
8651;Volunteers And;15/07/2017;93;false
9168;Origin Of The Stars;19/11/2022;119;true
9680;Limits Of A Nuclear War;28/08/2017;106;false
8146;Women Of The Depths;07/11/2015;103;true
8661;Signs Of Our Future;22/04/2018;117;false
9686;Horse In My Yard;16/08/2021;90;false
8158;Cat Of A Dog;20/03/2022;107;false
8678;Snake Of The Swamp;05/11/2017;94;false
9704;Boy Of Aliens;09/06/2022;119;true
1001;FilmeDahora;10/10/2021;120;false
8690;Prediction Of The Sea;16/09/2013;89;false
9717;Boy With A UFO;30/07/2020;99;false
9718;Is This a Movie ?;12/04/2015;95;true
9210;Visitor Of Sunshine;06/11/2019;95;false
8699;Light Of Solar Flares;09/01/2020;119;true
